ISBN,Title,Author,Binding,Publisher,Published
007Y665842,Unknown Title,"Unknown, Author",,,
002969910X,Switzerland Country Guide (Berlitz Country Guide),Berlitz Guides; Ken Bernstein,,,
004823155X,Lord of the Rings: The Fellowship of the Ring v. 1,"Tolkien, J. R. R.",,,
0006152392,Lord Foul's Bane,"Donaldson, Stephen",,,
0006152465,Illearth War,"Donaldson, Stephen",,,
0006152473,Power That Preserves,"Donaldson, Stephen",,,
0006161405,Wounded Land,"Donaldson, Stephen",,,
0006163831,One Tree,"Donaldson, Stephen",,,
013216292X,Discrete-Time Signal Processing (Prentice-Hall Signal Processing Series),Alan V. Oppenheim; Ronald W. Schafer,,,
014030150X,Finn Family Moomintroll,"Jansson, Tove",,,
017006137X,Unknown Title,"Unknown, Author",,,
033026656X,"Many-Coloured Land (Saga of the Exiles, Book 1)","May, Julian",,,
033026902X,Nonborn King,"May, Julian",,,
033028097X,Masterglass: a Practical Course in Tasting Wine,"Robinson, Jancis",,,
034529520X,The Curse of the Witch-Queen,"Volsky, Paula",,,
0048030015,The Complete Guide To Middle-Earth: From The Hobbit To The Silmarillion,"Foster, Robert",,,
0048230707,The Hobbit (U.Books),"Tolkien, J. R. R.",,,
0048231533,The Silmarillion,"Tolkien, J. R. R.",,,
0048231568,Lord of the Rings: The Two Towers v. 2,"Tolkien, J. R. R.",,,
0048231576,Lord of the Rings: The Return of the King v. 3,"Tolkien, J. R. R.",,,
055326382X,The Dancing Wu Li Masters: An Overview of the New Physics,"Zukav, Gary",,,
058604356X,Fahrenheit 451,"Bradbury, Ray",,,
067170625X,Apollo: Race to the Moon,Charles Murray; Catherine Bly Cox,,,
0091833795,Discover Australia: National Parks,"Moon, Ron and Viv",,,
0099288206,The Space Eater,"Langford, David",,,
0140009078,The Trial (Modern Classics),"Kafka, Franz",,,
0140020551,Physical Fitness,"Airforce, Royal Canadian",,,
0140224076,Einstein's Universe: Guide to the Theory of Relativity,"Calder, Nigel",,,
0140303235,The Exploits of Moominpappa,"Jansson, Tove",,,
0170062252,Unknown Title,"Unknown, Author",,,
0198312415,Dragon Book of Verse,"Harrison, Michael",,,
0207150222,Book of Runes (St) (Alt),"Blum, Ralph",,,
0304969508,Berlitz Travel Guide to Oxford and Stratford,"Unknown, Author",,,
0330201077,The Spy Who Came in from the Cold,"le Carre, John",,,
0330236199,Profiles Of The Future,"Clarke, Arthur C.",,,
0330258648,The Hitch-Hikers Guide to the Galaxy,"Adams, Douglas",,,
0330262130,The Restaurant at the End of the Universe,"Adams, Douglas",,,
0330264621,Lord Valentine's Castle,"Silverberg, Robert",,,
0330267191,"Golden Torc (Saga of the Exiles, Book 2)","May, Julian",,,
0330267388,"Life, the Universe and Everything","Adams, Douglas",,,
0330280317,The Adversary,"May, Julian",,,
0330281178,Majipoor Chronicles,"Silverberg, Robert",,,
0330287001,"So Long, and Thanks for All the Fish","Adams, Douglas",,,
0333354605,Mastering Pascal Programming (Macmillan Master),"Huggins, Eric",,,
0340013613,Moonspinners (Coronet Books),"Stewart, Mary",,,
0340022027,This Rough Magic,"Stewart, Mary",,,
0340043539,The Gabriel Hounds,"Stewart, Mary",,,
0340186119,Hollow Hills (The Merlin Trilogy),"Stewart, Mary",,,
0340258292,Last Enchantment (The Merlin Trilogy),"Stewart, Mary",,,
0340369418,Role of Honor,"Gardner, John",,,
0340397063,The Serpent's Circle (Coronet Books),"Harpur, Patrick",,,
0345296664,Dragonquest,"McCaffrey, Anne",,,
0345298365,Six of Swords,"Douglas, Carole Nelson",,,
0345337646,"The Silent Tower (Windrose Chronicles, Book 1)","Hambly, Barbara",,,
0345424603,The Masterharper of Pern (Dragonriders of Pern),"McCaffrey, Anne",,,
0352306947,England Invaded,"Moorcock, Michael",,,
0352309512,The Tolkien Quiz Book,Linda Wilson; Nigel Robinson,,,
0395445329,Birnbaum's France 1988,"Birnbaum, Stephen",,,
0395445337,Birnbaum's Great Britain and Ireland 1988,"Birnbaum, Stephen",,,
0413369005,Way Station (Methuen Paperbacks),"Simak, Clifford D.",,,
0441005314,Freedom's Choice,"McCaffrey, Anne",,,
0441273874,The Gates of Creation,"Farmer, Philip José",,,
0441786537,The Stone God Awakens,"Farmer, Philip José",,,
0450035859,Revolt in 2100,"Heinlein, Robert A.",,,
0450039528,The Day After Tomorrow,"Heinlein, Robert A.",,,
0450040763,Podkayne Of Mars,"Heinlein, Robert A.",,,
0450050300,Glory Road,"Heinlein, Robert A",,,
0450051277,Number of the Beast,"Heinlein, Robert A.",,,
0450054381,I Will Fear No Evil,"Heinlein, Robert A",,,
0450058409,Job - A Comedy Of Justice,"Heinlein, Robert A.",,,
0552092363,Dragonflight,"Mccaffrey, Anne",,,
0552097551,Catch-22,"Heller, Joseph",,,
0552101613,Restoree,"McCaffrey, Anne",,,
0552106615,Dragonsong,"McCaffrey, Anne",,,
0552108812,Dragonsinger,"McCaffrey, Anne",,,
0552108847,Collapsing Universe: Story of Black Holes,"Asimov, Isaac",,,
0552109657,Get Off the Unicorn,"Mccaffrey, Anne",,,
0552113131,White Dragon,"Mccaffrey, Anne",,,
0552115002,Devil's Alternative,"Forsyth, Frederick",,,
0552118044,Dragondrums,"Mccaffrey, Anne",,,
0552131199,Unknown Title,"Unknown, Author",,,
0553234951,Startide Rising (Uplift Trilogy),"Brin, David",,,
0553238272,The Herb Book,"Lust, John B",,,
0553255959,The Complete Book of Palmistry,"Wilson, Joyce",,,
0553283685,Hyperion,"Simmons, Dan",,,
0553288202,The Fall of Hyperion,"Simmons, Dan",,,
0582555442,Pocket science dictionary (Longman top pocket series),"Unknown, Author",,,
0586008357,The Caves of Steel,"Asimov, Isaac",,,
0586010165,Naked Sun,"Asimov, Isaac",,,
0586010424,Earth Is Room Enough,"Asimov, Isaac",,,
0586017992,The Martian Way,"Asimov, Isaac",,,
0586037608,Triplanetary,"Smith, E. E. (Doc)",,,
0586037721,The Gods Themselves,"Asimov, Isaac",,,
0586037799,First Lensman (Panther Science Fiction),"Smith, E. E. (Doc)",,,
0586038280,Galactic Patrol (Panther Science Fiction),"Smith, E. E. (Doc)",,,
0586038450,Grey Lensman,"Smith, E. E. (Doc)",,,
0586038469,Second Stage Lensman (Lensman Series #5),"Smith, E. E. (Doc)",,,
0586038477,Children of the Lens (Lensman Series),"Smith, E. E. (Doc)",,,
0586038485,Masters of the Vortex (Lensman Series),"Smith, E.E. (Doc)",,,
0586039899,The Fabulous Riverboat,"Farmer, Philip José",,,
0586043985,Buy Jupiter and Other Stories,"Asimov, Isaac",,,
0586044345,Brave New World,"Huxley, Aldous",,,
0586051287,Opus: A Selection from the First 200 Books,"Asimov, Isaac",,,
0600202615,Duncton Wood,"Horwood, William",,,
0642015317,Unknown Title,"Unknown, Author",,,
0646134728,Unknown Title,"Unknown, Author",,,
0646222317,The Lepers,"Frank; Browning, Guy Weissenborn",,,
0671648705,"Timetrap (Star Trek, No 40)","Dvorkin, David",,,
0671727214,Italian - English Dictionary,"Fantonetti, Carlo;Tedeschi, Alberto",,,
0671877577,The Proteus Operation,"Hogan, James P.",,,
0708880363,In The Hall Of The Martian Kings,"Varley, John",,,
0708880681,Tales of Known Space,"Niven, Larry",,,
0722116306,Timescape,"Benford, Gregory",,,
0722134274,Maker Of Universes,"Farmer, Philip José",,,
0725512008,Dick Smith's Australian Amateur Radio Handbook,"Smith, Dick",,,
0730936546,Unknown Title,"Unknown, Author",,,
0747404135,Unknown Title,"Unknown, Author",,,
0812524829,Slant,"Bear, Greg",,,
0812558170,The Urth of the New Sun,"Wolfe, Gene",,,
0842345523,More Than a Carpenter,"McDowell, Josh",,,
0860078531,Hole in Space (Orbit Books),"Niven, Larry",,,
0863992315,Wine and Beermaking - Hints and Recipes,"Turner, Ben",,,
0868246298,Unknown Title,"Unknown, Author",,,
0872169510,Feast Unknown,"Farmer, Philip José",,,
0880381736,"Dragons of Autumn Twilight (DragonLance Chronicles, Vol. 1)","Weiss, Margaret;Hickman, Tracy",,,
0880381744,"Dragons of Winter Night (DragonLance Chronicles, Vol. 2)","Weiss, Margaret;Hickman, Tracy",,,
0880381752,"Dragons of Spring Dawning (Dragonlance Chronicles, Vol. 3)","Weiss, Margaret;Hickman, Tracy",,,
0901496464,Hostelling International: Europe 1996,"Federation, International Youth Hostel",,,
0901496472,"Hostelling International Guides: The Official Guide to Hostels in Africa, America, Asia and the Pacific 1996","Federation, International Youth Hostel",,,
0909439060,Melway Greater Melbourne,"Unknown, Author",,,
0931988799,Discover FORTH: Learning and programming the FORTH language,"Hogan, Thom",,,
0949290076,Unknown Title,"Unknown, Author",,,
0959562931,Unknown Title,"Unknown, Author",,,
0959915443,Historic Mount Gambier,"Dean, Lois",,,
0977504719,Unknown Title,"Unknown, Author",,,
1563331667,Image of the Beast,"Farmer, Philip José",,,
1857239067,Inversions,"Banks, Iain M",,,
1863300309,The Black Grail,"Broderick, Damien",,,
1863300325,Striped Holes,"Broderick, Damien",,,
1875889930,Unknown Title,"Unknown, Author",,,
031809004999,Unknown Title,"Unknown, Author",,,
037145003955,The Edge of Tomorrow,"Asimov, Isaac",,,
070999002507,Unknown Title,"Unknown, Author",,,
070999002750,Unknown Title,"Unknown, Author",,,
070999003955,Unknown Title,"Unknown, Author",,,
072742006992,Unknown Title,"Unknown, Author",,,
074470240938,Unknown Title,"Unknown, Author",,,
076092022923,Unknown Title,"Unknown, Author",,,
076714003958,Unknown Title,"Unknown, Author",,,
076714005990,Unknown Title,"Unknown, Author",,,
076783004504,Unknown Title,"Unknown, Author",,,
076783004955,Unknown Title,"Unknown, Author",,,
076783007994,Unknown Title,"Unknown, Author",,,
078021002501,Unknown Title,"Unknown, Author",,,
9318923008289,Cradle Mountain and Lake St Clair,"Unknown, Author",,,
9770952620014,Unknown Title,"Unknown, Author",,,
9780002201377,Galapagos (Safari Guide),"Fitter, Julian",,,
9780004704814,Collins Gem German Study Set,"Unknown, Author",,,
9780006167778,White Gold Wielder,"Donaldson, Stephen",,,
9780006169857,Daughter of Regals,"Donaldson, Stephen",,,
9780006173434,Prophet of Lamath,"Hughes, Robert Don",,,
9780006173441,The Wizard in Waiting,"Hughes, Robert Don",,,
9780006173458,Power and the Prophet,"Hughes, Robert Don",,,
9780006173991,Mirror of Her Dreams,"Donaldson, Stephen",,,
9780006174288,The Ring of Allaire,"Dexter, Susan",,,
9780006176541,Man Rides Through,"Donaldson, Stephen",,,
9780006470199,Real Story,"Donaldson, Stephen",,,
9780006470229,Chaos and Order,"Donaldson, Stephen",,,
9780006471011,Hidden Echoes,"Jefferies, Mike",,,
9780006480013,Merlin's Wood,"Holdstock, Robert",,,
9780006511380,Darwins Radio,"Bear, Greg",,,
9780006530916,Sony: The Private Life,"Nathan, John",,,
9780007170579,Gollum: How We Made Movie Magic (The Lord of the Rings),"Serkis, Andy",,,
9780007196555,Collins Express English-Japanese Dictionary (Shubun Express),"Unknown, Author",,,
9780007288427,Little Brother,"Doctorow, Cory",,,
9780007325221,Makers,"Doctorow, Cory",,,
9780007327942,Eastern Standard Tribe,"Doctorow, Cory",,,
9780007327959,"Someone Comes to Town, Someone Leaves Town","Doctorow, Cory",,,
9780007331680,The Man in the White Suit,"Collins, Ben",,,
9780048232083,Unfinished Tales of Numenor and Middle-Earth,"Tolkien, J.R.R.",,,
9780048233431,Dragonsbane,"Hambly, Barbara",,,
9780060199067,Evolution: The Triumph of an Idea,"Zimmer, Carl",,,
9780060675073,Living in Sin?: A Bishop Rethinks Human Sexuality,"Spong, John Shelby",,,
9780060675479,Resurrection: Myth or Reality? : A Bishop's Search for the Origins of Christianity,"Spong, John Shelby",,,
9780060977719,Blind Man's Bluff: The Untold Story of American Submarine Espionage,Sherry Sontag; Christopher Drew,,,
9780061242700,Freakonomics,Steven D. Levitt; Stephen J. Dubner,,,
9780071422741,Build Your Own Humanoid Robots : 6 Amazing and Affordable Projects (TAB Robotics),"Williams, Karl",,,
9780071750363,"Robot Builder's Bonanza, 4th Edition","McComb, Gordon",,,
9780073380230,Introduction to Mechatronics and Measurement Systems,"Alciatore, David",,,
9780091874155,"Madhur Jaffrey's Ultimate Curry Bible: India, Singapore, Malaysia, Indonesia, Thailand, South Africa, Kenya, Great Britain, Trinidad, Guyana, Japan, U","Jaffrey, Madhur",,,
9780091886578,Science of Discworld,"Pratchett, Terry",,,
9780091888053,The Science of Discworld II: The Globe,"Pratchett, Terry;Stewart, Ian;Cohen, Jack",,,
9780099040309,The Black Art,"Ahmed, Rollo",,,
9780099263203,The Shadow of the Torturer (The Book of the new sun),"Wolfe, Gene",,,
9780099274704,The Claw Of The Conciliator,"Wolfe, Gene",,,
9780099285830,The Lying Stones of Marrakech: Penultimate Reflections in Natural History,"Gould, Stephen Jay",,,
9780099287377,London Under,"Ackroyd, Peter",,,
9780099295402,The Sword of the Lictor,"Wolfe, Gene",,,
9780099302780,"Guns, Germs and Steel","Diamond, Jared",,,
9780099304913,Stiffed,"Faludi, Susan",,,
9780099320609,The Citadel of the Autarch (The Book of the New Sun),"Wolfe, Gene",,,
9780099348504,The Crucible of Time,"Brunner, John",,,
9780099350712,Legacy,"Bear, Greg",,,
9780099373001,Golden Witchbreed,"Gentle, Mary",,,
9780099377702,Sheep Look Up,"Brunner, John",,,
9780099385608,Twilight Realm,"Carpenter, Christopher",,,
9780099410676,Cryptonomicon,"Stephenson, Neal",,,
9780099410683,Quicksilver,"Stephenson, Neal",,,
9780099455400,The Stonor Eagles,"Horwood, William",,,
9780099460275,Raw Spirit,"Banks, Iain",,,
9780099510703,Stalking The Unicorn: A Fable Of Tonight,"Resnick, Mike",,,
9780099529934,The Complete Sherlock Holmes,"Doyle, Sir Arthur Conan",,,
9780099547105,Eon,"Bear, Greg",,,
9780099579939,Fifty Shades of Grey,"James, E. L.",,,
9780099627500,Another Fine Myth,"Asprin, Robert",,,
9780099627609,Myth Conceptions,"Asprin, Robert",,,
9780099662600,Myth Directions,"Asprin, Robert",,,
9780099745204,Hit or Myth,"Asprin, Robert",,,
9780099745303,Little Myth Marker,"Asprin, Robert",,,
9780099745402,Myth-ing Persons,"Asprin, Robert",,,
9780099804208,M.Y.T.H. Inc.Link,"Asprin, Robert",,,
9780131405301,Enterprise J2ME: Developing Mobile Java Applications,"Yuan, Michael Juntao",,,
9780137914845,"Frommer's Scandinavia on $60 a Day, 1989-90",Darwin Porter; Danforth Prince; Margaret Foresman,,,
9780140042351,The Great Railway Bazaar,"Theroux, Paul",,,
9780140060560,The Norse Myths: Gods of the Vikings,"Holland, Kevin Crossley",,,
9780140065978,Monsignor Quixote,"Greene, Graham",,,
9780140071818,The Kingdom by the Sea: A Journey Around the Coast of Great Britain,"Theroux, Paul",,,
9780140112894,Herbs in Australian Gardens,"Fletcher, Kim",,,
9780140112955,Riding the Iron Rooster By Train Through China,"Theroux, Paul",,,
9780140153736,Voltaire's Bastards : The Dictatorship of Reason in the West,"Saul, John Ralston",,,
9780140157727,Virtual Light,"Gibson, William",,,
9780140159769,The Happy Isles of Oceania: Paddling the Pacific,"Theroux, Paul",,,
9780140232929,Snow Crash,"Stephenson, Neal",,,
9780140245011,The Complete Dead Sea Scrolls in English,"Vermes, Geza",,,
9780140257458,The Crusades (BBC Books),"Jones, J. Sydney",,,
9780140258370,How to Be More Interesting,"Bono, Edward De",,,
9780140264647,The Unconscious Civilization,"Saul, John Ralston",,,
9780140264913,The Private Life of the Brain (Penguin Press Science),"Greenfield, Susan",,,
9780140266139,All Tomorrow's Parties,"Gibson, William",,,
9780140266146,Pattern Recognition,"Gibson, William",,,
9780140269635,Bachelor Kisses,"Earls, Nick",,,
9780140270372,Diamond Age,"Stephenson, Neal",,,
9780140302868,Comet in Moominland (Moomintroll),"Jansson, Tove",,,
9780140305029,Moominland Midwinter (Moomintroll),"Jansson, Tove",,,
9780140307153,Moominvalley in November,"Jansson, Tove",,,
9780141005034,Evolution's Workshop (Haemostasis S.),"Larson, Edward J.",,,
9780141016719,Spook Country,"Gibson, William",,,
9780141023304,The Defence of the Realm,"Andrew, Christopher",,,
9780141026114,Don't Stop Me Now,"Clarkson, Jeremy",,,
9780141029290,The Joys of Engrish,"Caires, Steven",,,
9780141044224,Don't Swallow Your Gum!,"Carroll, Aaron E.; Vreeman, Rachel C.",,,
9780141323954,Dot.Robot,"Bradbury, Jason",,,
9780141328607,Finn Family Moomintroll (Moomins),"Jansson, Tove",,,
9780141334394,Moominpappa at Sea,"Jansson, Tove",,,
9780143204787,Obernewtyn,"Carmody, Isobelle",,,
9780143566434,The Time Machine,"Wells, H.G.",,,
9780192851390,A History of the Vikings (Oxford paperbacks),"Jones, Gwyn",,,
9780195530872,Australian Words and Their Origins,"Unknown, Author",,,
9780198661856,The Oxford Dictionary of Quotations,"Unknown, Author",,,
9780199534043,Concise Oxford Dictionary of Archaeology (Oxford Paperback Reference),"Darvill, Timothy",,,
9780201403633,Ada95 for C and C++ Programmers (International Computer Science Series),"Johnston, Simon",,,
9780201565393,Programming in Ada Plus Language Reference Manual (International computer science series),Barnes,,,
9780201696967,HTML 4 for the World Wide Web: VQS (3rd Edition),"Castro, Elizabeth",,,
9780201710984,XML for the World Wide Web,"Castro, Elizabeth",,,
9780241140123,The Art of Travel,"Botton, Alain De",,,
9780316848633,The Business,"Banks, Iain",,,
9780330239226,Indecent Exposure,"Sharpe, Tom",,,
9780330242813,Gravity's Rainbow,"Pynchon, Thomas",,,
9780330246675,Porterhouse Blue,"Sharpe, Tom",,,
9780330250801,Blott On The Landscape,"Sharpe, Tom",,,
9780330256773,The Great Pursuit,"Sharpe, Tom",,,
9780330274869,"Tomorrow, When the War Began","Marsden, John",,,
9780330284141,Name of the Rose,"Eco, Umberto",,,
9780330285537,Jack the Bodiless (Galactic Milieu Trilogy),"May, Julian",,,
9780330287074,Valentine Pontifex,"Silverberg, Robert",,,
9780330294911,Man Who Mistook His Wife for a Hat (Picador),"Sacks, Oliver",,,
9780330298926,Fatal Shore,"Hughes, Robert",,,
9780330301626,Dirk Gently's Holistic Detective Agency,"Adams, Douglas",,,
9780330303095,Intervention,"May, Julian",,,
9780330309554,The Long Dark Tea-Time of the Soul,"Adams, Douglas",,,
9780330311113,Greenmantle,"de Lint, Charles",,,
9780330315760,Moonheart,"de Lint, Charles",,,
9780330320023,Last Chance to See....,"Adams, Douglas",,,
9780330322997,Diamond Mask (The Galactic Mileu Trilogy),"May, Julian",,,
9780330323055,Magnificat (The Galactic Mileu Trilogy),"May, Julian",,,
9780330323116,Mostly Harmless,"Adams, Douglas",,,
9780330330442,Nano Flower (Greg Mandel),"Hamilton, Peter F",,,
9780330330459,A Quantum Murder (Greg Mandel),"Hamilton, Peter F",,,
9780330339599,Memory And Dream,"de Lint, Charles",,,
9780330340328,"The Reality Dysfunction (Night's Dawn Trilogy, Book 1)","Hamilton, Peter F.",,,
9780330351430,Neutronium Alchemist (Nights Dawn Trilogy 2),"Hamilton, Peter F",,,
9780330351454,Naked God (Nights Dawn Trilogy 3),"Hamilton, Peter F",,,
9780330351829,Second Chance at Eden,"Hamilton, Peter F",,,
9780330391658,E=mc2,"Bodanis, David",,,
9780330392891,Perdido Street Station,"Mieville, China",,,
9780330392907,Scar,"Mieville, China",,,
9780330434188,Looking for Jake: And Other Stories,"Mieville, China",,,
9780330443029,The Dreaming Void,"Hamilton, Peter F.",,,
9780330480062,Fallen Dragon,"Hamilton, Peter F",,,
9780330480222,Misspent Youth,"Hamilton, Peter F",,,
9780330492324,Kraken: An Anatomy,"Mieville, China",,,
9780330492522,Iron Council,"Mieville, China",,,
9780330493314,Pandora's Star,"Hamilton, Peter F.",,,
9780330493536,Judas Unchained (Commonwealth Saga),"Hamilton, Peter F",,,
9780330522205,Manhattan in Reverse,"Hamilton, Peter F.",,,
9780330534222,Looking for Jake and Other Stories,"Mieville, China",,,
9780333521984,The Golden Bough,"Frazer, J.G.",,,
9780340212813,Russian (Teach Yourself Series),"Frewin, Michael",,,
9780340270226,Esperanto (Teach Yourself),John Cresswell; John Hartley,,,
9780340728345,Wallace and Gromit: Anoraknophobia (Wallace &amp; Gromit),Tristan Davies; Nick Newman,,,
9780340837955,Stranger in a Strange Land,"Heinlein, Robert A.",,,
9780340950920,James May's Magnificent Machines,"May, James",,,
9780349101712,Canal Dreams,"Banks, Iain",,,
9780349101774,Wasp Factory Uk,"Banks, Iain",,,
9780349102153,The Bridge,"Banks, Iain",,,
9780349103235,The Crow Road,"Banks, Iain",,,
9780349105710,Complicity,"Banks, Iain",,,
9780356500287,Fool Moon,"Butcher, Jim",,,
9780356501727,Existence - Limited Edition 3d Cover,"Brin, David",,,
9780385267748,The Design of Everyday Things,"Norman, Donald",,,
9780385409858,Almost Like a Whale,"Jones, Steve",,,
9780393316896,The Bible and the Ancient Near East (Revised Edition),Cyrus H. Gordon; Gary A. Rendsburg,,,
9780413523501,Gormenghast,"Peake, Mervyn",,,
9780413523600,Titus Alone,"Peake, Mervyn",,,
9780413523709,Titus Groan,"Peake, Mervyn",,,
9780415078542,A History of Western Philosophy,"Russell, Bertrand",,,
9780439968034,Mad Miscellany (Horrible Histories),"Deary, Terry",,,
9780440539810,"The Illuminatus! Trilogy: The Eye in the Pyramid, The Golden Apple, Leviathan","Shea, Robert;Wilson, Robert Anton",,,
9780450056963,Mute,"Anthony, Piers",,,
9780450058486,Sword of the Lamb,"Wren, M.K.",,,
9780450058684,Shadow of the Swan,"Wren, M.K.",,,
9780450393785,House of the Wolf,"Wren, M. K.",,,
9780450398742,Voyage to the City of the Dead,"Foster, Alan Dean",,,
9780451457813,Storm Front,"Butcher, Jim",,,
9780460876162,Edda (Everyman's Library),"Sturluson, Snorri",,,
9780471308249,Rogue Asteroids and Doomsday Comets: The Search for the Million Megaton Menace That Threatens Life on Earth,Duncan Steel; Arthur C. Clarke,,,
9780500284414,"Archaeology: Theories, Methods, and Practice (Portuguese Edition)",Colin Renfrew; Paul Bahn,,,
9780521366830,Black Holes and the Universe (Canto),"Novikov, Igor D.",,,
9780552086615,Decision at Doona,"Mccaffrey, Anne",,,
9780552122849,Pawn of Prophecy,"Eddings, David",,,
9780552123488,Queen of Sorcery,"Eddings, David",,,
9780552123822,Magician's Gambit,"Eddings, David",,,
9780552124355,Castle Of Wizardry,"Eddings, David",,,
9780552124478,Enchanters' End Game (Belgariad),"Eddings, David",,,
9780552124751,The colour of Magic,"Pratchett, Terry",,,
9780552124997,Moreta,"McCaffrey, Anne",,,
9780552125666,The Wizards And The Warriors,"Cook, Hugh",,,
9780552125697,The Fourth Protocol,"Forsyth, Frederick",,,
9780552126465,Bridge of Birds,"Hughart, Barry",,,
9780552126793,Master of the Five Magics,"Hardy, Lyndon",,,
9780552126809,Secret Of The Sixth Magic,"Hardy, Lyndon",,,
9780552126830,Exiles of the Rynth,"Douglas, Carole Nelson",,,
9780552128483,The Light Fantastic (Discworld Novel),"Pratchett, Terry",,,
9780552128490,The Revenants,"Tepper, Sheri S.",,,
9780552130172,Guardians of the West (The Malloreon),"Eddings, David",,,
9780552130189,King Of The Murgos (The Malloreon),"Eddings, David",,,
9780552130196,Demon Lord of Karanda (The Malloreon),"Eddings, David",,,
9780552130202,Sorceress Of Darshiva (The Malloreon),"Eddings, David",,,
9780552130219,Seeress of Kell,"Eddings, David",,,
9780552130981,Dragonsdawn,"Mccaffrey, Anne",,,
9780552130998,Renegades of Pern,"McCaffrey, Anne",,,
9780552131018,The First Named (Servants Of Ark),"Wylie, Jonathan",,,
9780552131056,Equal Rites,"Pratchett, Terry",,,
9780552131063,Mort,"Pratchett, Terry",,,
9780552131070,Sourcery,"Pratchett, Terry",,,
9780552131186,Shapechangers,"Roberson, Jennifer",,,
9780552131193,Unknown Title,"Unknown, Author",,,
9780552131193,The Song Of Homana,"Roberson, Jennifer",,,
9780552131209,Legacy Of The Sword (Chronicles of The Cheysuli Book Three),"Roberson, Jennifer",,,
9780552131308,Wordsmiths and the Warguild,"Cook, Hugh",,,
9780552131315,The Women and the Warlords,"Cook, Hugh",,,
9780552131346,The Centre of the Circle,"Wylie, Jonathan",,,
9780552131612,The Mage-Born Child (Servants Of Ark),"Wylie, Jonathan",,,
9780552133258,Strata,"Pratchett, Terry",,,
9780552133265,The Dark Side of the Sun,"Pratchett, Terry",,,
9780552133272,The Walrus and the Warwolf,"Cook, Hugh",,,
9780552134002,The Story of the Stone,"Hughart, Barry",,,
9780552134019,Eight Skilled Gentlemen,"Hughart, Barry",,,
9780552134392,The Wicked and The Witless,"Cook, Hugh",,,
9780552134606,Wyrd Sisters (A Discworld Novel),"Pratchett, Terry",,,
9780552134613,Pyramids,"Pratchett, Terry",,,
9780552134620,Guards! Guards! (Discworld),"Pratchett, Terry",,,
9780552134637,Moving Pictures (Discworld Novel S.),"Pratchett, Terry",,,
9780552134644,"Reaper Man, A Discworld Novel","Pratchett, Terry",,,
9780552134651,Witches Abroad,"Pratchett, Terry",,,
9780552135368,The Wishstone and the Wonderworkers,"Cook, Hugh",,,
9780552135375,The Wazir and the Witch,"Cook, Hugh",,,
9780552135382,The Werewolf and the Wormlord,"Cook, Hugh",,,
9780552136273,Rats And Gargoyles,"Gentle, Mary",,,
9780552137034,Good Omens,"Pratchett, Terry",,,
9780552137294,All the Weyrs of Pern,"McCaffrey, Anne",,,
9780552138413,The Antipope (Brentford Trilogy),"Rankin, Robert",,,
9780552138482,The Worshippers and the Way,"Cook, Hugh",,,
9780552138901,Small Gods,"Pratchett, Terry",,,
9780552138918,Lords and Ladies,"Pratchett, Terry",,,
9780552139137,Chronicles of Pern,"Mccaffrey, Anne",,,
9780552139229,The Book of Ultimate Truths,"Rankin, Robert",,,
9780552140287,Men at Arms,"Pratchett, Terry",,,
9780552140294,Soul Music,"Pratchett, Terry",,,
9780552142359,Interesting Times (Discworld),"Pratchett, Terry",,,
9780552142373,Feet of clay (Discworld novel),"Pratchett, Terry",,,
9780552142717,Freedom's Landing (Catteni 1),"McCaffrey, Anne",,,
9780552145893,Apocalypso,"Rankin, Robert",,,
9780552145985,Jingo (A Discworld Novel),"Pratchett, Terry",,,
9780552146142,The Last Continent: A Discworld Novel,"Pratchett, Terry",,,
9780552146159,Carpe Jugulum (Discworld #23),"Pratchett, Terry",,,
9780552146166,The Fifth Elephant,"Pratchett, Terry",,,
9780552146272,Freedom's Challenge (Catteni 3),"McCaffrey, Anne",,,
9780552146739,Nanny Ogg's Cookbook,"Pratchett, Terry",,,
9780552147682,The Truth,"Pratchett, Terry",,,
9780552148405,Thief of Time,"Pratchett, Terry",,,
9780552154901,Making Money (Discworld Novels),"Pratchett, Terry",,,
9780552525862,Diggers (Truckers Trilogy),"Pratchett, Terry",,,
9780552525954,Truckers,"Pratchett, Terry",,,
9780552526494,Wings (The Nome Trilogy),"Pratchett, Terry",,,
9780552527521,The Carpet People,"Pratchett, Terry",,,
9780552773911,Blind Faith,"Elton, Ben",,,
9780552997034,Down Under,"Bryson, Bill",,,
9780553171549,Damiano,"MacAvoy, R.A.",,,
9780553171556,Damiano's Lute,"MacAvoy, R. A.",,,
9780553171563,Raphael,"MacAvoy, R.A.",,,
9780553172829,Song Of Sorcery,"Scarborough, Elizabeth",,,
9780553172843,Bronwyn's Bane,"Scarborough, Elizabeth",,,
9780553173987,The River of Time,"Brin, David",,,
9780553505894,Paradox (Nulapeiron 1),"Meaney, John",,,
9780563215141,BBC Phrase Books and Cassettes: German Book,Philippa Goodrich; Carol Stanley,,,
9780563370772,Flavours of India,"Jaffrey, Madhur",,,
9780571164431,The Story of English,"Mccrum, Robert",,,
9780571209804,Mosquito: The Story Of Man's Deadliest Foe,"Spielman, Michael D'Antonio' 'Andrew",,,
9780575039957,Witch World (Book 1),"Norton, Andre",,,
9780575039964,Web of the Witch World,"Norton, Andre",,,
9780575039971,Warlock of the Witch World,"Norton, Andre",,,
9780575039988,Three Against the Witch World,"Norton, Andre",,,
9780575039995,Year of the Unicorn (Witch World) (U.K.),"Norton, Andre",,,
9780575040007,Sorceress Of The Witchworld,"Norton, Andre",,,
9780575040403,The Time Hoppers (A Gollancz Paperback),"Silverberg, Robert",,,
9780575041240,Star Man's Son,"Norton, Andre",,,
9780575043091,The Witches Of Karres,"Schmitz, James H.",,,
9780575052970,The Difference Engine,"Gibson, William; Sterling, Bruce",,,
9780575079977,The Three Stigmata of Palmer Eldritch,"Dick, Philip K.",,,
9780575097575,Rivers of London,"Aaronovitch, Ben",,,
9780583118170,The Swords of Lankhmar (The swords series),"Leiber, Fritz",,,
9780583130844,Swords and Deviltry,"Leiber, Fritz",,,
9780583130875,Swords Against Death,"Leiber, Fritz",,,
9780583130882,Swords In The Mist,"Leiber, Fritz",,,
9780583130899,Swords Against Wizardry: Book 4 of Fafhrd And The Gray Mouser,"Leiber, Fritz",,,
9780583131131,Swords And Ice Magic: Book 6 In The Swords Series,"Leiber, Fritz",,,
9780586008355,The Caves of Steel,"Asimov, Isaac",,,
9780586010167,Naked Sun,"Asimov, Isaac",,,
9780586025321,"I, Robot","Asimov, Isaac",,,
9780586025949,The Rest of the Robots,"Asimov, Isaac",,,
9780586039397,To Your Scattered Bodies Go,"Farmer, Philip José",,,
9780586042199,The Dispossessed (Panther science fiction),"le Guin, Ursula",,,
9780586045947,Moonraker,"Fleming, Ian",,,
9780586048351,The Dark Design,"Farmer, Philip José",,,
9780586053652,Helliconia Spring,"Aldiss, Brian",,,
9780586053669,Helliconia Summer,"Aldiss, Brian",,,
9780586053676,Helliconia Winter,"Aldiss, Brian",,,
9780586053874,The Magic Labyrinth,"Farmer, Philip José",,,
9780586054444,Split Infinity,"Anthony, Piers",,,
9780586054451,Blue Adept,"Anthony, Piers",,,
9780586054468,Juxtaposition (Split Infinity),"Anthony, Piers",,,
9780586058282,Magician,"Feist, Raymond E.",,,
9780586061992,Robots of Dawn,"Asimov, Isaac",,,
9780586062593,Bio of a Space Tyrant: Refugee v. 1,"Anthony, Piers",,,
9780586062623,On a Pale Horse,"Anthony, Piers",,,
9780586062685,Bio of a Space Tyrant: Mercenary v. 2,"Anthony, Piers",,,
9780586062692,Bio Of A Space Tyrant: Politician v. 3,"Anthony, Piers",,,
9780586062715,Bio Of A Space Tyrant: Executive v. 4,"Anthony, Piers",,,
9780586062722,Bio Of A Space Tyrant: Statesman v. 5,"Anthony, Piers",,,
9780586062739,Bearing an Hourglass,"Anthony, Piers",,,
9780586062746,With A Tangled Skein,"Anthony, Piers",,,
9780586064177,Silverthorn (Riftwar Saga),"Feist, Raymond E",,,
9780586065846,Macroscope,"Anthony, Piers",,,
9780586065853,Mythago Wood,"Holdstock, Robert",,,
9780586066454,Neuromancer,"Gibson, William",,,
9780586066881,Darkness at Sethanon (Riftwar Saga),"Feist, Raymond E.",,,
9780586070482,Falling Apart,"Salaman, Nicholas",,,
9780586071212,Count Zero,"Gibson, William",,,
9780586073155,Daggerspell (Deverry),"Kerr, Katharine",,,
9780586074619,Burning Chrome,"Gibson, William",,,
9780586200087,The Misenchanted Sword,"Watt-Evans, Lawrence",,,
9780586200797,Epic Deverry Series. Darkspell. Volume I I,"Kerr, Katharine",,,
9780586203729,"The Diamond Throne (The Elenium, Book 1)","Eddings, David",,,
9780586204825,Sorcerer's Legacy,"Wurts, Janny",,,
9780586207413,Dawnspell (Deverry Cycle 3),"Kerr, Katherine",,,
9780586207475,Mona Lisa Overdrive,"Gibson, William",,,
9780586207604,Lavondyss,"Holdstock, Robert",,,
9780586207871,Dragonspell (Deverry Cycle 4),"Kerr, Katharine",,,
9780586212936,The Hollowing,"Holdstock, Robert",,,
9780586213148,Polgara the Sorceress,"Eddings, David",,,
9780586213155,Belgarath the Sorcerer,"Eddings, David",,,
9780586213896,Red Mars (Mars Trilogy),"Robinson, Kim Stanley",,,
9780586215272,Stone Angels,"Jefferies, Michael",,,
9780586217498,Children of the flame,"Jefferies, Mike",,,
9780596001889,Python in a Nutshell,"Martelli, Alex",,,
9780596100469,"Python in a Nutshell, Second Edition (In a Nutshell)","Martelli, Alex",,,
9780596158064,Learning Python: Powerful Object-Oriented Programming,"Lutz, Mark",,,
9780596158088,Python Pocket Reference: Python in Your Pocket (Pocket Reference (O'Reilly)),"Lutz, Mark",,,
9780596158101,Programming Python,"Lutz, Mark",,,
9780600384045,The Proud Robot,"Kutner, Henry",,,
9780684854212,In Search of Deep Time: Beyond the Fossil Record to a New History of Life,"Gee, Henry",,,
9780691089232,One True God: Historical Consequences of Monotheism.,"Stark, Rodney",,,
9780708823156,Dream Park (Orbit Books),"Steven Barnes, Jerry Pournelle Larry Niven",,,
9780708830406,The First Name,"Schmidt, Dennis",,,
9780708830413,Groa's Other Eye,"Schmidt, Dennis",,,
9780708837078,Consider Phlebas B,"Banks, Iain M.",,,
9780708839836,"Twilight of the Gods, No. 3: Three Trumps Sounding","Schmidt, Dennis",,,
9780708849828,The PreHistory of the Far Side - A 10th Anniversary Exhibit,"Larson, Gary",,,
9780708880500,Heir of Sea and Fire,"McKillip, Patricia A.",,,
9780708880517,The Riddle-Master Of Hed (Orbit Books),"McKillip, Patricia A.",,,
9780708880524,Harpist in the wind,"McKillip, Patricia A.",,,
9780708881033,The Source of Magic,"Anthony, Piers",,,
9780708881040,A Spell For Chameleon,"Anthony, Piers",,,
9780708881064,Centaur Aisle,"Anthony, Piers",,,
9780708881071,Castle Roogna,"Anthony, Piers",,,
9780708881088,Ogre Ogre,"Anthony, Piers",,,
9780708881095,Night Mare,"Anthony, Piers",,,
9780708881200,Dragon on a Pedestal,"Anthony, Piers",,,
9780708881484,Crewel Lye,"Anthony, Piers",,,
9780708881927,Gods of the Greataway,"Coney, Michael G.",,,
9780708881941,Celestial Steam Locomotive,"Coney, Michael G.",,,
9780708882108,Winter of World 1 Anvil of Ice a,"Rohan, Michael Scott",,,
9780708882122,Golem in the Gears,"Anthony, Piers",,,
9780708882139,Down Town,"Polikarpus, Viido; King, Tappan",,,
9780708882313,Fang the Gnome,"Coney, Michael G.",,,
9780708882405,Magic Kingdom For Sale/Sold,"Brooks, Terry",,,
9780708882542,Winter of World 2 Forge Forest a,"Rohan, Michael Scott",,,
9780708882719,The Hammer of the Sun,"Rohan, Michael Scott",,,
9780708883099,The Player of Games,"Banks, Iain M",,,
9780708883587,Use of Weapons,"Banks, Iain M",,,
9780713683752,Ktg Fencing (Know the Game),"Unknown, Author",,,
9780713995206,Rebel Code:[The Inside Story of Linux and the Open Source Revolution],"Moody, Glyn",,,
9780713998627,Collapse,"Diamond, Jared",,,
9780716733874,"Why People Believe Weird Things: Pseudoscience, Superstition, and Other Confusions of Our Time","Shermer, Michael",,,
9780722129999,"Ancient, My Enemy","Dickson, Gordon R.",,,
9780722145432,Yearwood,"Hazel, Paul",,,
9780722145449,Undersea (The Finnbranch Vol. 2),"Hazel, Paul",,,
9780722147610,The Last Gasp,"Hoyle, Trevor",,,
9780725107550,The autobiography of the woman the Gestapo called the White Mouse,"Wake, Nancy",,,
9780731914425,Gregory's Adelaide Street Directory,"Unknown, Author",,,
9780731914913,UBD Canberra Map,"Unknown, Author",,,
9780732256821,The Ancient Future,"Harding, Traci",,,
9780732267162,Snowtown: The Bodies in Barrels Murders,"Merriman, J.; Pudney, J.",,,
9780732270957,Magician's Guild: Book 1 of Black Magician Trilogy,"Canavan, Trudi",,,
9780732271930,Blood (Ashuak chronicles),"Shillitoe, Tony",,,
9780732283872,Prey,"Crichton, Michael",,,
9780733314971,Enough Rope 2,"Denton, Andrew",,,
9780733316739,The Glass House,"Simmons, Ian",,,
9780736041850,Strength Training Anatomy,"Delavier, Frederic",,,
9780747231363,Malady of Magicks (Ebenezum Trilgy),"Gardner, Craig Shaw",,,
9780747231578,A Multitude of Monsters (Ebenezum trilgy),"Gardner, Craig Shaw",,,
9780747232131,A Difficulty with Dwarves (Ballad Wuntvor),"Gardner, Craig Shaw",,,
9780747403906,Stark,"Elton, Ben",,,
9780747404132,Unknown Title,"Unknown, Author",,,
9780747405689,Gridlock,"Elton, Ben",,,
9780747406099,Boat of a Million Years,"Anderson, Poul",,,
9780747527244,Leith's Cooking for One or Two,"Tyrer, Polly",,,
9780747580232,How To Survive A Robot Uprising: Tips On Defending Yourself Against The Coming Rebellion,"Wilson, Daniel H.",,,
9780749309428,The Silence of the Lambs,"Harris, Thomas",,,
9780749537555,The AA Pub Guide 2004,"Publishing, AA",,,
9780749547929,AA Caravan &amp; Camping France 2006,"Publishing, AA",,,
9780750673891,"Robotics, Mechatronics, and Artificial Intelligence: Experimental Circuit Blocks for Designers","Braga, Newton C.",,,
9780751338645,Supersex,"Cox, Tracey",,,
9780751536805,Long Way Round,"McGregor, Ewan",,,
9780752837512,Ultra Secret Pb,"Winterbottom, F W",,,
9780752864303,Do Androids Dream of Electric Sheep?,"Dick, Philip K.",,,
9780753825631,Or Is That Just Me?,"Hammond, Richard",,,
9780755322800,Neverwhere,"Gaiman, Neil",,,
9780764554292,Japanese for Dummies AUDIO+CD,"Sato, Eriko",,,
9780804833653,Guide to Reading &amp; Writing Japanese: Third Edition,Kenneth Hanshall; Christropher Seeley; Florence Sakade; Henk de Groot,,,
9780850305685,Using the Runes,"Cooper, D. Jason",,,
9780853648673,Is the New Testament History?,"Barnett, Paul",,,
9780857520272,The Disappearing Spoon,"Kean, Sam",,,
9780860078494,The Flight of the Horse (Orbit Books),"Niven, Larry",,,
9780864424099,Lonely Planet Canada,Mark Lightbody; Dorinda Talbot; Jim Dufresne; Tom Smallman,,,
9780864424754,Lonely Planet Spanish Phrasebook (Spanish Edition),Izaskun Arretxe; Allison Jones,,,
9780864424778,Lonely Planet Trekking in the Patagonian Andes,"Lindenmayer, Clem",,,
9780864425584,Lonely Planet Latin American Spanish (Lonely Planet Phrasebook: India),"Unknown, Author",,,
9780864426390,Lonely Planet Western Europe (Lonley Planet on a Shoestring),"Fallon, Steve",,,
9780864426413,Lonely Planet Argentina: Uruguay &amp; Paraguay,"Bernhardson, Wayne",,,
9780864426567,Lonely Planet South America on a Shoestring,James Lyon; Andrew Draffen; Krzysztof Dydynski; Conner Gorry; Mark Plotkin,,,
9780864426680,Lonely Planet Bolivia,"Swaney, Deanna",,,
9780864427106,Lonely Planet Peru,"Rachowiecki, Rob",,,
9780864427137,"Lonely Planet Russia, Ukraine &amp; Belarus",Richard Nebesky; John Noble; George Wesley; Nick Selby; Deanna Swaney; Anthony Haywood,,,
9780864427618,Lonely Planet Ecuador &amp; the Galapagos Islands,Rob Rachowiecki; Danny Palmerlee,,,
9780864550163,How to Stop Worrying and be Happy,"Gressor, Megan",,,
9780868246222,Fundamentalism and freedom,"Cameron, Peter Scott",,,
9780868246291,Unknown Title,"Unknown, Author",,,
9780908988822,Eye on the Sky,"Andersen, Geoff",,,
9780909439064,Melway Greater Melbourne,"Unknown, Author",,,
9780946983063,Trans-Siberian rail guide,"Strauss, Robert",,,
9780947148102,Unknown Title,"Unknown, Author",,,
9780949757456,The Macquarie dictionary of Australian colloquial language,"Delbridge, Arthur",,,
9780951868409,Shakespeare's Insults: Educating Your Wit,Wayne F. Hill; Cynthia J. Ottchen,,,
9780957735248,Radical Melbourne,"Sparrow, Jeff",,,
9780957775411,The Ski and Snowboard Travel Guide - Australia/New Zealand,"Rennie, Chris",,,
9780958079570,Radical Melbourne 2: The Enemy Within,"Jeff and Sparrow, Jill Sparrow",,,
9780959773323,Travellers New Zealand,"McIntosh, Gary Hannam and Lesley",,,
9780963009609,Pihkal: A Chemical Love Story,"Shulgin, Alexander; Shulgin, Ann",,,
9780977504718,Unknown Title,"Unknown, Author",,,
9780980600711,Unknown Title,"Unknown, Author",,,
9781403985996,"Bones, Rocks and Stars: The Science of When Things Happened","Turney, Chris",,,
9781405301039,Latin American Spanish (Three Months Course),"Cisneros, Isabel",,,
9781405306973,Herb &amp; Spice a Cooks Reference,"Norman, Jill",,,
9781405315746,Go Snowboard,"McNab, Neil",,,
9781405341691,Lego Book,"Lipkowitz, Daniel",,,
9781405487863,Archaeology,"Unknown, Author",,,
9781405487870,Archeology: Unearthing the Mysteries of the Past,"Santon, Kate",,,
9781405904629,Top Gear Aqua Challenge Model Making Kit,"Unknown, Author",,,
9781405906968,Top Gear: Official Annual 2011,BBC,,,
9781408804162,Magnificent Desolation,"Aldrin, Buzz",,,
9781430231837,Arduino Robotics,John-David Warren; Josh Adams; Harald Molle,,,
9781444736311,Man Lab,"May, James",,,
9781449316549,Programming Computer Vision with Python: Tools and algorithms for analyzing images,"Solem, Jan Erik",,,
9781568363875,Felt Friends from Japan: 86 Super-cute Toys and Accessories to Make Yourself,"Tabatha, Naomi",,,
9781740214179,Field Guide to Australian Birds,"Morecombe, Michael",,,
9781740590297,Lonely Planet Canada,Mark Lightbody; Jeff Davis; Lisa Dunford; Steve Kokker; Susan Rimerman; Don Root; David Stanley,,,
9781740591638,Japanese: Lonely Planet Phrasebook,"Abe, Yoshi; Lonely Planet Phrasebooks",,,
9781740594318,Lonely Planet Trekking in the Central Andes,Rob Rachowiecki; Greg Caire; Grant Dixon,,,
9781740598668,Lonely Planet The Career Break Book,Joe Bindloss; Andrew Dean Nystrom,,,
9781740599245,Lonely Planet Japan,Chris Rowthorn; Ray Bartlett; Justin Ellis,,,
9781740661997,Phaic Tan : Sunstroke on a Shoestring,"Santo; Gleisner, Tom; Sitch, Rob Cilauro",,,
9781740663434,Change the World for Ten Bucks - 50 Actions to Change the World and Make You Feel Great,Anonymous,,,
9781740669818,Preincarnate,"Micallef, Shaun",,,
9781741145007,Hegemony or Survival,"Chomsky, Noam",,,
9781741662696,Unknown Title,"Unknown, Author",,,
9781741665918,Unknown Title,"Unknown, Author",,,
9781741790207,Volunteer: A Traveler's Guide to Making a Difference Around the World (Lonely Planet),Charlotte Hindle; Nate Cavalieri; Rachel Collinson; Korina Miller; Mike Richard,,,
9781741797718,Lonely Planet French Phrasebook and Audio CD,"Planet, Lonely",,,
9781741962321,Lygon Street: Stories and Recipes from Melbourne's Melting Pot,"Harden, Michael",,,
9781742377261,You'll Be Sorry When I'm Dead,"Hardy, Marieke",,,
9781742480008,James May's Toy Stories,"James, May",,,
9781742667218,The Soup Bible,"Unknown, Author",,,
9781840139792,Submarines of the World,"Jackson, Robert",,,
9781841490182,"The Proof House (The Fencer Trilogy, Volume Three)","Parker, K. J.",,,
9781841490618,Look to Windward,"Banks, Iain",,,
9781841490670,Cosmonaut Keep (Engines of Light S.) (Bk.1),"Macleod, Ken",,,
9781841491097,Dark Light,"MacLeod, Ken",,,
9781841492032,Engine City (Engines of Light Book 3),"Macleod, Ken",,,
9781841492087,The Portable Door,"Holt, Tom",,,
9781841492193,In Your Dreams,"Holt, Tom",,,
9781841492247,Newton's Wake,"Macleod, Ken",,,
9781841492391,The Algebraist,"Banks, Iain M",,,
9781841492827,"Earth, Air, Fire and Custard","Holt, Tom",,,
9781841493374,Double Vision C,"Tricia, Sullivan",,,
9781841493442,Learning the World: A Novel of First Contact,"MacLeod, Ken",,,
9781841494197,Matter,"Banks, Iain M",,,
9781841498959,Surface Detail,"Banks, Iain M",,,
9781842121429,Templars,"Read, Piers Paul",,,
9781842772218,Rogue State,"Blum, William",,,
9781843094029,Vegetarian &amp; Vegetable Cooking,"Ingram, Christine",,,
9781843530794,The Rough Guide to Skiing &amp; Snowboarding in North America,Tam Leach; Stephen Timblin; Christian Williams,,,
9781845290795,Corporation,"Bakan, Joel",,,
9781846074639,The Big Book of Top Gear 2009,"Porter, Richard",,,
9781846078248,The Big Book of Top Gear 2010,"Books, BBC",,,
9781846462153,Mr Christmas,"Hargreaves, Roger",,,
9781846811203,The Complete Illustrated World Encyclopedia of Archeology,"Unknown, Author",,,
9781846812224,Archeology Step By Step - A Practical Guide to Uncovering the Past,Catling,,,
9781847442475,By Any Means: His Brand New Adventure from Wicklow to Wollongong,"Boorman, Charley",,,
9781848874510,Reamde,"Stephenson, Neal",,,
9781849900270,Top Gear: The Alternative Highway Code,"Gear, Ministry of Top",,,
9781850150541,Teddy Bear Quotations,"Unknown, Author",,,
9781857029635,Dinosaur Hunters,"Cadbury, Deborah",,,
9781857231793,Against A Dark Background,"Banks, Iain M",,,
9781857232028,Glory Season,"Brin, David",,,
9781857232233,Earth,"Brin, David",,,
9781857232738,Feersum Endjinn,"Banks, Iain M",,,
9781857234572,Excession,"Banks, Iain M",,,
9781857236101,"Colours in the Steel (Fencer, Book 1)","Parker, K.J.",,,
9781857237306,Cassini Division (Fall Revolutions Series),"Macleod, Ken",,,
9781857239607,"The Belly of the Bow (Fencer, Book 2)","Parker, K. J.",,,
9781857239676,The Sky Road (Fall Revolutions Series),"McLeod, Ken",,,
9781857988109,Ill Met in Lankhmar (Swords and Deviltry and Swords Against Death),"Leiber, Fritz",,,
9781857989472,Minority Report,"Dick, Philip K",,,
9781857994735,Sixth Extinction (Science Masters S.),"Leakey, Richard",,,
9781858288048,The Rough Guide to Central America on a Budget 1,"Guides, Rough",,,
9781859845363,Bush in Babylon : The Recolonisation of Iraq,"Ali, Tariq",,,
9781861979834,Does Anything Eat Wasps?,"Scientist, New",,,
9781862044586,The Dark Side of God: A Quest for the Lost Heart of Christianity,"Lockhart, Douglas",,,
9781862545861,A Taste of Africa,"Hafner, Dorinda",,,
9781863251846,Don't Sweat the Small Stuff at Work,"Carlson, Richard",,,
9781863300308,The Black Grail,"Broderick, Damien",,,
9781863300322,Striped Holes,"Broderick, Damien",,,
9781863965767,Australian Women's Weekly Soups,"Unknown, Author",,,
9781864500530,Lonely Planet Healthy Travel - Central &amp; South America,"Young, Isabelle",,,
9781864500882,Lonely Planet Chile &amp; Easter Island (Lonely Planet Chile and Easter Island),"Bernhardson, Wayne",,,
9781864501490,Lonely Planet Eastern Europe,Steve Fallon; Mara Vorhees; Emma Miller,,,
9781864501889,"Lonely Planet Malaysia, Singapore and Brunei",Chris Rowthorn; Sara Benson; Russell Kerr; Christine Niven,,,
9781864501964,Lonely Planet Provence &amp; the Cote D'Azur,"Williams, Nicola",,,
9781864502473,Lonely Planet Nepal,"Finlay, Hugh",,,
9781865003108,Finland Map by Hema,Hema,,,
9781865003245,Scandinavia Map by Hema,"Maps, Hema",,,
9781865088044,Platypus,"Moyal, Ann",,,
9781873756294,The Inca Trail: Cuzco &amp; Machu Picchu,"Danbury, Richard",,,
9781875447619,Unknown Title,"Unknown, Author",,,
9781875889938,Unknown Title,"Unknown, Author",,,
9781875992928,France Country Map by Hema,"Maps, Hema",,,
9781876429850,Macquarie Concise Dictionary,"Unknown, Author",,,
9781876551216,Unknown Title,"Unknown, Author",,,
9781876624545,The Triumph of the Airheads,"Unknown, Author",,,
9781900512442,Can Reindeer Fly? Hb,"Highfield, Roger",,,
9781905443260,Rapid French,Earworms,,,
9781905443345,Rapid Japanese,"Unknown, Author",,,
9781920885588,Players,"Wilson, Tony",,,
9781920885847,The weather makers: the history &amp; future impact of climate change,"Flannery, Tim",,,
9781921145698,The 7.56 Report,"Clarke, John",,,
9781921259333,Essential Guide to Woodwork,"Simpson, Chris",,,
9781921332227,Mythbusters: Rock the Body,"Searle, Nicholas",,,
9781921462023,Tricky People,"Fuller, Andrew",,,
9781933662084,Home is On Top of a Dog House,"Schulz, Charles M.",,,
9783822855669,Robots and Spaceships,"Kitahara, Teruhisa; Shimizu, Yukio",,,
9789812466464,Berlitz Essential Japanese (Japanese Edition),"Strugnell, Lynne",,,
9781861979254,100 Things to Do Before You Die,"Scientist, New",,,
9781855018044,Submarines of the 20Th Century,Christopher Chant,,,
0304352314,Das Boot: The Boat,Lothar-Günther Buchheim,,,
9780670075843,Tony Robinson's History of Australia,Tony Robinson,,,
9780947148102,Unknown Title,Unknown Author,,,
0947148108,Unknown Title,Unknown Author,,,
0140033920,Night of Light,"Farmer, Philip José",,,
9780071362962,Robot Builder's Bonanza (Tab Electronics),Gordon McComb,,,
9781742200989,Discover Japan (Au and UK) (Lonely Planet Discover Guides),Chris Rowthorn,,,
0586042008,Traitor to the Living,"Farmer, Philip José",,,
0586042261,Stone God Awakens,"Farmer, Philip José",,,
0586042091,Time's Last Gift,"Farmer, Philip José",,,
0851795315,Unknown Title,Unknown Author,,,
9781742612959,Fukushima (Paperback),Mark Willacy,,,
9781741145113,There and Back Again : An Actor's Tale,"Sean, and Layden, Joseph Astin",,,
0751502375,The Far Side Gallery (No.2),Gary Larson,,,
9780330521772,Great North Road,Peter F. Hamilton,Paperback,Macmillan,December
9781593272159,The Unofficial LEGO MINDSTORMS NXT 2.0 Inventor's Guide,David J. Perdue; Laurens Valk,Paperback,No Starch Press,December 2010
9781593274344,The Unofficial LEGO Technic Builder's Guide,"Pawel ""Sariel"" Kmiec",Paperback,No Starch Press,November 2012
9781863251846,Don't Sweat The Small Stuff At Work,Unknown Author,Paperback,Bantam,December
9781862545762,Llama for Lunch,Lydia Laube,Paperback,Wakefield Press,April 2004
9782060070551,"Michelin Red Guide 1985: Main Cities, Europe",Michelin Travel Publications,Hardcover,Michelin Travel Publications,April 1985
9780349114507,Facing the Congo,Jeffrey Tayler,Paperback,Abacus,May 2002
0395445280,Birnbaum's Canada 1988,Stephen Birnbaum,Paperback,Houghton Mifflin Company,October 1987
9780140054934,THE OLD PATAGONIAN EXPRESS: BY TRAIN THROUGH THE AMERICAS,PAUL THEROUX,Paperback,PENGUIN BOOKS LTD,December 1982
9300728464353,Unknown Title,Unknown Author,,,
9780575097612,Unknown Title,Unknown Author,,,December
9780340994559,Car Fever,James May,Paperback,Hodder &amp; Stoughton,September 2010
9780575097667,Whispers Under Ground,Ben Aaronovitch,Paperback,Gollancz,October 2012
9780316731058,The Steep Approach to Garbadale,Iain Banks,Hardcover,"Little, Brown",December 2007
9780575097612,Unknown Title,Unknown Author,,,December
9300728464353,Unknown Title,Unknown Author,,,
9781848874510,Reamde,Neal Stephenson,Paperback,Atlantic Books,August 2012
9780060977719,Blind Man's Bluff: The Untold Story of American Submarine Espionage,Sherry Sontag; Christopher Drew,Paperback,William Morrow Paperbacks,October 2000
9780330522205,Manhattan in Reverse,Peter F. Hamilton,Paperback,Pan Publishing,May 2012
9780141044200,Driven to Distraction,Jeremy Clarkson,Paperback,Penguin Books Ltd,May 2010
9780141028996,Born to be Riled,Jeremy Clarkson,Paperback,Penguin Global,May 2011
9780141017884,Clarkson on Cars,Jeremy Clarkson,,Penguin Global,December
9780753511862,May on Motors: On the Road with James May,James May,Paperback,Virgin Books,April 2006
9780141022925,I Know You Got Soul: Machines with That Certain Something,Jeremy Clarkson,Paperback,Penguin Group(CA),October 2009
9780141017891,The World According to Clarkson,Jeremy Clarkson,Paperback,Penguin Global,March 2010
9781741146981,"Don't Tell Mum I Work on the Rigs, She Thinks I'm a Piano Player in a Whorehouse",Paul Carter,Paperback,Allen &amp; Unwin,May 2006
9780980672947,The Internet is a Playground (Paperback),David Thorne,,,December 2010
9780718158415,Round the Bend,Unknown Author,Paperback,Michael Joseph,December
9780552145428,Hogfather (Discworld),TERRY PRATCHETT,Paperback,CORGI BOOKS,December 1997
9780349119274,Transition,Iain Banks,Paperback,Abacus,December 2010
9780593072523,My Brief History,Stephen Hawking,Hardcover,,December 2013
9780857867254,Mastermind How to Think Like Sherlock Holmes,Maria Konnikova,Paperback,Canongate,December
9781847941169,Brick by Brick,Bill Breen David Robertson,Paperback,Random House Books,June 2013
9781743051252,Those Dry-Stone Walls,Bruce Munday,Paperback,Wakefield Press,2013
039864039550,Unknown Title,Unknown Author,,,
9780785803959,The Art of Blacksmithing,Alex W. Bealer,Hardcover,Castle Books,November 2009
9781449321062,Make: LEGO and Arduino Projects: Projects for extending MINDSTORMS NXT with open-source electronics,John Baichtal; Matthew Beckler; Adam Wolf,Paperback,"Maker Media, Inc",December 2012
9780123786074,A Practical Guide to SysML: The Systems Modeling Language (The MK/OMG Press),Sanford Friedenthal; Alan Moore; Rick Steiner,Paperback,Morgan Kaufmann,September 2009
9781420079135,"The Art of Systems Architecting, Third Edition (Systems Engineering)",Mark W. Maier,Hardcover,CRC Press,January 2009
9780898158960,The Complete Modern Blacksmith,Alexander Weygers,Paperback,Ten Speed Press,February 1997
9780864388568,Reader's Digest Book Of Skills &amp; Tools,ET AL MYLIUS DIETER,Hardcover,READERS DIGEST,December 1995
9781450248020,Radar Man: A Personal History of Stealth,Edward Lovick Jr,Paperback,iUniverse.com,October 2010
